stop_id,stop_code,stop_name,stop_desc,stop_lat,stop_lon,zone_id,stop_url,location_type,parent_station,stop_timezone,wheelchair_boarding
996,,"Eduardo Benot (parque Santa Catalina)",,28.14180285,-15.43004770,,,,,,
387,,"Acceso Manuel de Falla",,28.09668618,-15.44789220,,,,,,
684,,"Alameda de Colón",,28.10281451,-15.41650267,,,,,,
447,,"Amurga (Casablanca)",,28.07575109,-15.41892348,,,,,,
950,,"Auditorio",,28.12969599,-15.44807210,,,,,,
690,,"Aulario Ciencias Jurídicas",,28.07808621,-15.44945454,,,,,,
176,,"Juan Carlos I, 23",,28.11532128,-15.44790968,,,,,,
268,,"Primero de Mayo, 1",,28.10257913,-15.41782395,,,,,,
370,,"Av. Escaleritas, 84",,28.11484751,-15.43853624,,,,,,
357,,"Juan Carlos I (hospital Dr. Negrín)",,28.11892357,-15.44438518,,,,,,
945,,"Juan Carlos I (hospital Dr. Negrín)",,28.11892357,-15.44438518,,,,,,
174,,"Juan Carlos I, 9",,28.11772515,-15.44528582,,,,,,
71,,"Alcalde Díaz Saavedra Navarro (pl. Santa Isabel)",,28.09702457,-15.41235983,,,,,,
40,,"Alc. J. Ramírez Bethencourt (Carvajal)",,28.11853431,-15.42113872,,,,,,
38,,"Alc. J. Ramírez Bethencourt (Centro Insular de Deportes)",,28.11323916,-15.41716668,,,,,,
642,,"Alc. J. Ramírez Bethencourt (parque Romano)",,28.12609813,-15.42801724,,,,,,
656,,"Amurga (Acceso a Los Granjeros)",,28.07434026,-15.42920045,,,,,,
119,,"Amurga (C.S. Cono Sur)",,28.07649745,-15.41952378,,,,,,
156,,"Amurga (C.S. Cono Sur)",,28.07635956,-15.41932988,,,,,,
633,,"Amurga (ctra. San Juan de Dios)",,28.07776493,-15.42736762,,,,,,
658,,"Amurga (carretera San Juan de Dios)",,28.07748775,-15.42753163,,,,,,
158,,"Amurga (Casas Terreras El Lasso, 33)",,28.07534349,-15.42637528,,,,,,
135,,"Amurga (Casas Terreras El Lasso, 33)",,28.07548206,-15.42624181,,,,,,
137,,"Amurga (Casas Terreras El Lasso, 1)",,28.07511577,-15.42768373,,,,,,
160,,"Amurga (Casas Terreras El Lasso, 1)",,28.07501805,-15.42727396,,,,,,
141,,"Amurga (El Lasso, bloque 17)",,28.07657200,-15.42673200,,,,,,
164,,"Amurga (El Lasso, bloque 17)",,28.07665650,-15.42685481,,,,,,
162,,"Amurga (El Lasso, bloque 4)",,28.07540131,-15.42863953,,,,,,
139,,"Amurga (El Lasso, bloque 5)",,28.07542297,-15.42837513,,,,,,
541,,"Amurga (iglesia)",,28.07679758,-15.42599958,,,,,,
556,,"Amurga, frente iglesia",,28.07672085,-15.42611416,,,,,,
445,,"Ciudad Deportiva Gran Canaria",,28.07690029,-15.41727242,,,,,,
702,,"Av. de Ansite (Cementerio del Puerto)",,28.12374403,-15.43849903,,,,,,
703,,"Av. de Ansite (Cementerio del Puerto)",,28.12391100,-15.43858200,,,,,,
36,,"Av. de Canarias (San Telmo)",,28.10894829,-15.41516552,,,,,,
72,,"Av. de La Feria (Infecar)",,28.10657482,-15.44519928,,,,,,
617,,"Av. de La Feria (Infecar)",,28.10650176,-15.44489934,,,,,,
595,,"Av. de La Feria (urbanización Los Geranios)",,28.10677982,-15.44715777,,,,,,
608,,"Av. de La Feria (urbanización Los Geranios)",,28.10673489,-15.44702843,,,,,,
61,,"Av. Escaleritas (C.C. La Ballena)",,28.10330515,-15.44378700,,,,,,
70,,"Av. Escaleritas (C.C. La Ballena)",,28.10280842,-15.44276678,,,,,,
299,,"Av. Escaleritas (Cáritas)",,28.12080612,-15.43648968,,,,,,
301,,"Av. Escaleritas (club La Cornisa)",,28.12305500,-15.43593238,,,,,,
394,,"Av. Escaleritas (urb. Parque Central)",,28.10160327,-15.44635541,,,,,,
59,,"Av. Escaleritas (urb. Sansofé)",,28.10430731,-15.44098497,,,,,,
68,,"Av. Escaleritas (urb. Sansofé)",,28.10406500,-15.44089800,,,,,,
368,,"Av. Escaleritas, 104",,28.11250400,-15.43920900,,,,,,
371,,"Av. Escaleritas, 109",,28.10765500,-15.44002200,,,,,,
366,,"Av. Escaleritas, 114",,28.10983953,-15.43983806,,,,,,
392,,"Av. Escaleritas, 169",,28.09961686,-15.44820850,,,,,,
401,,"Av. Escaleritas, 178",,28.10043835,-15.44779524,,,,,,
310,,"Av. Escaleritas, 48",,28.12168789,-15.43650679,,,,,,
297,,"Av. Escaleritas, 51",,28.11859463,-15.43707899,,,,,,
377,,"Av. Escaleritas, 57",,28.11480300,-15.43831500,,,,,,
372,,"Av. Escaleritas, 70",,28.11791700,-15.43750000,,,,,,
375,,"Av. Escaleritas, 79",,28.11276772,-15.43892124,,,,,,
373,,"Av. Escaleritas, 95",,28.11011061,-15.43956023,,,,,,
57,,"Av. Escaleritas, frente 111",,28.10773256,-15.44022479,,,,,,
789,,"García Lorca, 17",,28.12521295,-15.44032022,,,,,,
779,,"García Lorca, frente 14",,28.12791265,-15.43881179,,,,,,
69,,"Guillermo Santana Rivero",,28.11314804,-15.44326333,,,,,,
63,,"Guillermo Santana Rivero, frente 1",,28.10624643,-15.44412723,,,,,,
65,,"Guillermo Santana Rivero, frente 19",,28.10892888,-15.44406615,,,,,,
67,,"Guillermo Santana Rivero, frente 33",,28.11110696,-15.44365658,,,,,,
404,,"Juan Carlos I (C.C. Las Ramblas)",,28.11376850,-15.44927462,,,,,,
708,,"Juan Carlos I (rotonda hospital Dr. Negrín)",,28.11967626,-15.44297458,,,,,,
121,,"Juan Carlos I, 10",,28.11761598,-15.44585730,,,,,,
123,,"Juan Carlos I, 20",,28.11539275,-15.44829707,,,,,,
403,,"Juan Carlos I, 50",,28.11319800,-15.45011000,,,,,,
39,,"Juan XXIII (Clínica del Pino)",,28.11881782,-15.42684385,,,,,,
196,,"Juan XXIII (Clínica del Pino)",,28.11900322,-15.42617075,,,,,,
41,,"Juan XXIII (colegio Canterbury)",,28.11855292,-15.42852821,,,,,,
165,,"Av. Marítima del Sur (hospital Materno Insular)",,28.08112248,-15.41648922,,,,,,
35,,"Av. Marítima del Sur (Juan XXIII)",,28.12140300,-15.42387300,,,,,,
398,,"Mesa y López (C.S. Alcaravaneras)",,28.13355997,-15.43605426,,,,,,
409,,"Mesa y López (C.S. Alcaravaneras)",,28.13359792,-15.43633527,,,,,,
400,,"Mesa y López (Madera y Corcho)",,28.13146244,-15.43860728,,,,,,
411,,"Mesa y López (Madera y Corcho)",,28.13188393,-15.43845010,,,,,,
734,,"Base Naval",,28.13457771,-15.42932705,,,,,,
396,,"Néstor de la Torre (Mercado Central)",,28.13387101,-15.43231803,,,,,,
497,,"Mesa y López, 85",,28.12973954,-15.44068230,,,,,,
437,,"Mesa y López, 86",,28.13008803,-15.44059819,,,,,,
347,,"Pintor Felo Monzón (Bambú)",,28.10889861,-15.45157945,,,,,,
725,,"Pintor Felo Monzón (C.C. Siete Palmas)",,28.09772358,-15.45510951,,,,,,
624,,"Pintor Felo Monzón (frente Hipercor)",,28.09540800,-15.45576000,,,,,,
188,,"Pintor Felo Monzón (Trópico)",,28.10887583,-15.45123472,,,,,,
186,,"Pintor Felo Monzón, 1",,28.11115869,-15.45070223,,,,,,
698,,"Pintor Felo Monzón, 17",,28.10639046,-15.45195683,,,,,,
173,,"Pintor Felo Monzón, 2",,28.11157449,-15.45095811,,,,,,
721,,"Pintor Felo Monzón, 22",,28.10633776,-15.45232903,,,,,,
700,,"Pintor Felo Monzón, 25",,28.10288015,-15.45280084,,,,,,
637,,"Pintor Felo Monzón, 28",,28.10444394,-15.45278578,,,,,,
638,,"Pintor Felo Monzón, 29",,28.10080625,-15.45337326,,,,,,
636,,"Pintor Felo Monzón, 37",,28.09810961,-15.45456870,,,,,,
723,,"Pintor Felo Monzón, 38",,28.10077655,-15.45376994,,,,,,
243,,"Primero de Mayo (Correos)",,28.10619054,-15.42020565,,,,,,
262,,"Primero de Mayo, 35",,28.10650155,-15.42054416,,,,,,
3,,"Rafael Cabrera (San Telmo)",,28.10913611,-15.41612452,,,,,,
957,,"Semana de la Pasión, 13 (Las Coloradas)",,28.16599565,-15.43529452,,,,,,
651,,"Amurga (El Lasso, bloque 1)",,28.07444052,-15.42920846,,,,,,
686,,"Bernardino Correa Viera (C.S. Triana)",,28.10115824,-15.41856073,,,,,,
682,,"Biblioteca Universitaria",,28.07562612,-15.45171712,,,,,,
688,,"Biblioteca Universitaria",,28.07560663,-15.45203463,,,,,,
2,,"Francisco Gourié, 103",,28.10749746,-15.41637148,,,,,,
273,,"Osorio, 28",,28.15272573,-15.42627959,,,,,,
517,,"Aconcagua (colegio Casablanca III)",,28.09379555,-15.44242272,,,,,,
512,,"Aconcagua (colegio Casablanca III)",,28.09358878,-15.44249855,,,,,,
510,,"Aconcagua, 1",,28.09415819,-15.43944544,,,,,,
621,,"Aconcagua, 38",,28.09175293,-15.44561027,,,,,,
515,,"Pino Apolinario (Centro Cívico)",,28.09482887,-15.43909110,,,,,,
29,,"Agustín Millares Sall (edificio Mapfre)",,28.14789292,-15.42795076,,,,,,
364,,"Agustina de Aragón (iglesia San Marcos)",,28.10548794,-15.43923615,,,,,,
362,,"Agustina de Aragón, 145",,28.10626085,-15.43760978,,,,,,
360,,"Agustina de Aragón, 67",,28.10784866,-15.43466335,,,,,,
282,,"Albareda (Mercado del Puerto)",,28.14800199,-15.42933638,,,,,,
28,,"Albareda, 43",,28.14506442,-15.43024039,,,,,,
530,,"Alcalde Díaz Saavedra Navarro (Prudencio Guzmán)",,28.09654898,-15.41240578,,,,,,
302,,"Alceste, 27",,28.11021527,-15.43084876,,,,,,
313,,"Alfredo L. Jones, 1",,28.14218938,-15.43026002,,,,,,
610,,"Alicante (C.S. San José)",,28.09261832,-15.41386382,,,,,,
117,,"Alicante (colegio Islas Canarias)",,28.08527193,-15.41724806,,,,,,
122,,"Alicante (colegio Islas Canarias)",,28.08506061,-15.41715497,,,,,,
51,,"Alm. Benítez Inglott (C.S. Escaleritas)",,28.11265500,-15.43800100,,,,,,
49,,"Alm. Benítez Inglott, 12",,28.11381018,-15.43610078,,,,,,
345,,"Ana Benítez, 7",,28.09673512,-15.43906161,,,,,,
343,,"Ana Benítez, frente 42",,28.09792685,-15.43818058,,,,,,
341,,"Ana Benítez, frente 92",,28.09857019,-15.43566480,,,,,,
214,,"Andenes, 19",,28.09835596,-15.42926456,,,,,,
190,,"Andenes, 9",,28.09848032,-15.42799993,,,,,,
177,,"Andenes, frente 15",,28.09851440,-15.42847137,,,,,,
197,,"Andenes, frente 39",,28.09829686,-15.42986910,,,,,,
136,,"Anton Dvorak, 5",,28.07420128,-15.41879348,,,,,,
519,,"Archivero Joaquín Blanco Montesdeoca (Mimosa)",,28.11297418,-15.45153947,,,,,,
520,,"Archivero Joaquín Blanco Montesdeoca, 21",,28.11377304,-15.45366599,,,,,,
529,,"Archivero Joaquín Blanco Montesdeoca (rtda. Nicolás Díaz Chico)",,28.11459034,-15.45479426,,,,,,
952,,"Archivero Joaquín Blanco Montesdeoca (rtda. Nicolás Díaz Chico)",,28.11459034,-15.45479426,,,,,,
606,,"Archivero Joaquín Blanco Montesdeoca, 3",,28.11111083,-15.44941125,,,,,,
597,,"Archivero Joaquín Blanco Montesdeoca, frente 3",,28.11121276,-15.44902018,,,,,,
500,,"Arequipa (Guaguas Municipales)",,28.15654496,-15.42173551,,,,,,
169,,"Arguineguín",,28.10926667,-15.45698333,,,,,,
238,,"Arguineguín, 8",,28.10927187,-15.45713266,,,,,,
540,,"Arminda (La Favorita)",,28.08502373,-15.43726612,,,,,,
985,,"Arminda, 28 (El Secadero)",,28.08300652,-15.43900441,,,,,,
525,,"Arminda, frente 1",,28.08487416,-15.43732423,,,,,,
980,,"Arquitecto Laureano Arroyo (San Francisco de Paula)",,28.05662445,-15.45138764,,,,,,
676,,"Arquitecto Laureano Arroyo, 102 B",,28.05897973,-15.44740941,,,,,,
678,,"Arquitecto Laureano Arroyo, 64",,28.05802328,-15.45020791,,,,,,
687,,"Arquitecto Laureano Arroyo, 73",,28.05801468,-15.45040246,,,,,,
683,,"Arquitecto Laureano Arroyo, 80",,28.05834100,-15.44941100,,,,,,
111,,"Aldea Blanca (Tanatorio San Miguel)",,28.11298426,-15.45563387,,,,,,
228,,"Aldea Blanca (Tanatorio San Miguel)",,28.11290384,-15.45582994,,,,,,
278,,"Bandama, 25",,28.15441694,-15.42509488,,,,,,
220,,"Barahona, 19",,28.09188242,-15.43396840,,,,,,
201,,"Barahona, 77",,28.09461300,-15.43318700,,,,,,
203,,"Barahona, frente 19",,28.09209137,-15.43392376,,,,,,
202,,"Batería de San Juan",,28.09383204,-15.42231542,,,,,,
975,,"Batería de San Juan",,28.09358484,-15.42197009,,,,,,
185,,"Batería de San Juan, 16",,28.09587312,-15.42076813,,,,,,
187,,"Batería de San Juan, 48",,28.09465959,-15.42171466,,,,,,
140,,"Berlioz, 5",,28.07447047,-15.42036034,,,,,,
585,,"Betania, 41",,28.10218770,-15.46855411,,,,,,
583,,"Betania, 69",,28.10085208,-15.46958906,,,,,,
587,,"Betania, 7",,28.10347977,-15.46756990,,,,,,
77,,"Blas Cabrera Felipe (Carrefour)",,28.07183400,-15.41781700,,,,,,
102,,"Blas Cabrera Felipe (Carrefour)",,28.07246374,-15.41753595,,,,,,
89,,"Blas Cabrera Felipe (iglesia Sta. Clara)",,28.08390900,-15.41926695,,,,,,
94,,"Blas Cabrera Felipe (iglesia Sta. Clara)",,28.08202753,-15.41871995,,,,,,
95,,"Ciudad Deportiva Gran Canaria",,28.07640340,-15.41732628,,,,,,
98,,"Ciudad Deportiva Gran Canaria",,28.07688791,-15.41736078,,,,,,
93,,"Blas Cabrera Felipe (parking hosp. Materno Insular)",,28.08032414,-15.41840691,,,,,,
96,,"Blas Cabrera Felipe (parking hosp. Materno Insular)",,28.08043842,-15.41829497,,,,,,
97,,"Blas Cabrera Felipe, 14",,28.07446335,-15.41732327,,,,,,
100,,"Blas Cabrera Felipe, frente 16",,28.07450714,-15.41717853,,,,,,
92,,"Blas Cabrera Felipe, frente 306",,28.08463518,-15.41905269,,,,,,
536,,"Buenos Aires, 43",,28.10709462,-15.42001072,,,,,,
480,,"Camilo Martinón Navarro (Tiscamanita)",,28.07608398,-15.46347002,,,,,,
754,,"Camilo Martinón Navarro, 3",,28.07652896,-15.46357315,,,,,,
430,,"Camilo Martinón Navarro, 30",,28.07477489,-15.46373875,,,,,,
422,,"Camilo Martinón Navarro, 52",,28.07471091,-15.46515619,,,,,,
758,,"Camilo Martinón Navarro, 69",,28.07463111,-15.46513073,,,,,,
756,,"Camilo Martinón Navarro, frente 32",,28.07466924,-15.46391156,,,,,,
183,,"Camino al Polvorín (plaza del Sol Naciente)",,28.09671206,-15.42018084,,,,,,
179,,"Camino al Polvorín, 10",,28.09524628,-15.42247002,,,,,,
181,,"Camino al Polvorín, 42",,28.09608061,-15.42131482,,,,,,
487,,"Camino Viejo El Cardón, 1",,28.11941500,-15.44806500,,,,,,
551,,"Camino Viejo El Cardón, 55",,28.11801235,-15.45262649,,,,,,
549,,"Camino Viejo El Cardón, frente 74",,28.11585100,-15.45487100,,,,,,
159,,"Candelaria de León, 6",,28.07032976,-15.41922959,,,,,,
178,,"Candelaria de León, 7",,28.07017480,-15.41921664,,,,,,
47,,"Carlos Mauricio Blandy (pl. Arucas)",,28.11577356,-15.43421690,,,,,,
334,,"Carmen Quintana, 1",,28.10222300,-15.43201100,,,,,,
336,,"Carmen Quintana, 33",,28.10144835,-15.43394440,,,,,,
338,,"Carmen Quintana, 71",,28.09997865,-15.43485403,,,,,,
335,,"Carmen Quintana, frente 1",,28.10226217,-15.43211517,,,,,,
337,,"Carmen Quintana, frente 35",,28.10151622,-15.43398566,,,,,,
339,,"Carmen Quintana, frente 73",,28.10005500,-15.43491200,,,,,,
406,,"Castillejos, 23",,28.12993446,-15.44268981,,,,,,
408,,"Castillejos, 71",,28.12824465,-15.44480135,,,,,,
626,,"Castillo, 16",,28.09950100,-15.41753469,,,,,,
733,,"César Manrique, 12",,28.09800545,-15.46837286,,,,,,
724,,"César Manrique, 3",,28.09780817,-15.46847127,,,,,,
701,,"César Manrique, 88",,28.09950811,-15.47030666,,,,,,
728,,"César Manrique, frente 102",,28.09991275,-15.47115522,,,,,,
182,,"Concejal Andrés Alvarado Janina (local social Hoya de La Plata)",,28.06969261,-15.42102707,,,,,,
163,,"Concejal Andrés Alvarado Janina (local social Hoya de La Plata)",,28.06966982,-15.42126531,,,,,,
110,,"Córdoba (Bomberos Vegueta)",,28.09516036,-15.41510221,,,,,,
644,,"Córdoba (Bomberos Vegueta)",,28.09487132,-15.41543186,,,,,,
114,,"Córdoba, 19",,28.09374441,-15.41623797,,,,,,
116,,"Córdoba, 29",,28.09082700,-15.41811200,,,,,,
107,,"Córdoba, 40",,28.09290025,-15.41693040,,,,,,
118,,"Córdoba, 49",,28.08812433,-15.41941941,,,,,,
115,,"Córdoba, 54",,28.08596377,-15.41783781,,,,,,
120,,"Córdoba, 71",,28.08606261,-15.41790526,,,,,,
109,,"Córdoba, frente 31",,28.09073300,-15.41828000,,,,,,
113,,"Córdoba, frente 49",,28.08798671,-15.41958822,,,,,,
290,,"Coronel Rocha (Nueva Isleta)",,28.15538700,-15.43076400,,,,,,
402,,"Costa Rica, frente 33",,28.13057562,-15.44015525,,,,,,
386,,"Cronista Martín Moreno, 8",,28.09692058,-15.44439660,,,,,,
332,,"Cruz de Piedra, 9",,28.10293172,-15.43062065,,,,,,
333,,"Cruz de Piedra, frente 7",,28.10314688,-15.43046581,,,,,,
442,,"Cruz del Ovejero, 28",,28.09851349,-15.47743023,,,,,,
797,,"Cuesta Blanca, 34",,28.09367700,-15.46115900,,,,,,
780,,"Cuesta Blanca, 41",,28.09286381,-15.46101353,,,,,,
778,,"Cuesta Blanca, 9",,28.09474800,-15.46049100,,,,,,
795,,"Cuesta Blanca, frente 11",,28.09462127,-15.46060914,,,,,,
60,,"Deán Rodríguez Bolaños (pl. Alvarado y Saz)",,28.11156399,-15.43705665,,,,,,
130,,"Debussy, 3",,28.07273227,-15.42186143,,,,,,
132,,"Debussy, 9",,28.07347930,-15.41973092,,,,,,
134,,"Debussy, frente 6",,28.07400084,-15.41829179,,,,,,
74,,"Diego Betancor Suárez, 19",,28.10923171,-15.44557088,,,,,,
76,,"Diego Betancor Suárez, 39",,28.11203572,-15.44494150,,,,,,
943,,"Doctor Juan Domínguez Pérez (El Sebadal)",,28.16149456,-15.41070618,,,,,,
557,,"Dr. Juan Domínguez Pérez, 18",,28.15967767,-15.41215611,,,,,,
555,,"Dr. Juan Domínguez Pérez, 2",,28.15650663,-15.41538347,,,,,,
554,,"Dr. Juan Domínguez Pérez, 25",,28.15831285,-15.41383490,,,,,,
568,,"Dr. Juan Domínguez Pérez, 49",,28.16023381,-15.41189860,,,,,,
451,,"Dr. Sventenius",,28.08093765,-15.41865902,,,,,,
125,,"Doctor Sventenius, frente 16",,28.08313978,-15.41951119,,,,,,
300,,"Don Pedro Infinito (iglesia Los Dolores)",,28.11232600,-15.42906100,,,,,,
363,,"Don Pedro Infinito, 120",,28.10844300,-15.43469500,,,,,,
365,,"Don Pedro Infinito, 152",,28.10767575,-15.43613000,,,,,,
367,,"Don Pedro Infinito, 194",,28.10659205,-15.43822767,,,,,,
369,,"Don Pedro Infinito, 204",,28.10592524,-15.43969466,,,,,,
291,,"Don Pedro Infinito, 24",,28.11040879,-15.43102190,,,,,,
328,,"Don Pedro Infinito, 54",,28.10967636,-15.43237290,,,,,,
774,,"Dña. Juana Marrero, 11",,28.10765133,-15.46202826,,,,,,
776,,"Dña. Juana Marrero, 61",,28.10821900,-15.46306500,,,,,,
783,,"Dña. Juana Marrero, 70",,28.10829807,-15.46345084,,,,,,
781,,"Dña. Juana Marrero, frente 11",,28.10759041,-15.46149909,,,,,,
75,,"Dr. Hernán Pérez de Grado (La Portadilla)",,28.09810802,-15.41754285,,,,,,
73,,"Dr. Hernán Pérez de Grado, 6",,28.09763545,-15.41554878,,,,,,
54,,"Echegaray, 137",,28.11460310,-15.43362667,,,,,,
27,,"Eduardo Benot, frente 23",,28.14386799,-15.42982051,,,,,,
25,,"Eduardo Benot, frente 5",,28.14202296,-15.43004693,,,,,,
292,,"Eduardo Peñate Santana, local 4",,28.15446770,-15.42695659,,,,,,
775,,"Olivo (ctra. de Almatriche)",,28.09404400,-15.45892000,,,,,,
397,,"Emilio Arrieta, frente 7",,28.09443851,-15.44963731,,,,,,
266,,"Emilio Ley (parque Doramas)",,28.12133333,-15.43002611,,,,,,
253,,"Emilio Ley (piscinas Julio Navarro)",,28.12150081,-15.43001198,,,,,,
258,,"Ernest Hemingway (colegio El Batán)",,28.09206949,-15.43252514,,,,,,
254,,"Ernest Hemingway, 9",,28.09517777,-15.42963935,,,,,,
256,,"Ernest Hemingway, frente 132",,28.09344848,-15.43113534,,,,,,
640,,"Eufemiano Jurado (Reyes Católicos)",,28.09602409,-15.41454396,,,,,,
634,,"Eufemiano Jurado (Juzgados)",,28.09466289,-15.41355416,,,,,,
78,,"Eufemiano Jurado (Juzgados)",,28.09494749,-15.41372434,,,,,,
80,,"Eufemiano Jurado, frente 32",,28.09611170,-15.41711673,,,,,,
212,,"Fama (Farnesio)",,28.09860764,-15.42558984,,,,,,
195,,"Fama, frente 85",,28.09922864,-15.42649563,,,,,,
161,,"Farmacéutico Arencibia Cabrera (Cofarca)",,28.08892502,-15.43340434,,,,,,
260,,"Farmacéutico Arencibia Cabrera (Cofarca)",,28.08910679,-15.43316805,,,,,,
527,,"Farmacéutico Arencibia Cabrera, 28",,28.08730238,-15.43500149,,,,,,
532,,"Farmacéutico Arencibia Cabrera, frente 18",,28.08753762,-15.43463279,,,,,,
356,,"Farmacéutico Pedro Rivero (Joaquín Belón)",,28.10441357,-15.43709900,,,,,,
315,,"Farmacéutico Pedro Rivero (Polígono Cruz de Piedra)",,28.10202434,-15.43948537,,,,,,
352,,"Farmacéutico Pedro Rivero, 1",,28.10202500,-15.43965100,,,,,,
359,,"Farmacéutico Pedro Rivero, 20",,28.10454731,-15.43637613,,,,,,
208,,"Farnesio, 13",,28.09830503,-15.42431882,,,,,,
210,,"Farnesio, 53",,28.09937855,-15.42584999,,,,,,
191,,"Farnesio, frente 15",,28.09841900,-15.42438100,,,,,,
193,,"Farnesio, frente 59",,28.09958437,-15.42596190,,,,,,
284,,"Faro, 11",,28.14893104,-15.43031036,,,,,,
286,,"Faro, 43",,28.15062150,-15.43064643,,,,,,
288,,"Faro, 99",,28.15299552,-15.43081932,,,,,,
277,,"Felipe Martel (Lindero)",,28.08571029,-15.44230470,,,,,,
488,,"Fernando Guanarteme (pl. Betancores)",,28.13791231,-15.43450775,,,,,,
486,,"Fernando Guanarteme (plta. Farray)",,28.13690609,-15.43560278,,,,,,
413,,"Fernando Guanarteme, 118",,28.13247544,-15.44074408,,,,,,
476,,"Luchana (Lepanto)",,28.12798471,-15.44309903,,,,,,
495,,"Lepanto, 63",,28.12776724,-15.44303675,,,,,,
482,,"Fernando Guanarteme, 62",,28.13425793,-15.43864987,,,,,,
635,,"Fondos de Segura, frente 17",,28.10916323,-15.45309508,,,,,,
129,,"Francisco Inglott Artiles, 6",,28.08407550,-15.42051317,,,,,,
150,,"Francisco Inglott Artiles, 19",,28.08228104,-15.42013262,,,,,,
152,,"Francisco Inglott Artiles, 33",,28.08047426,-15.42022347,,,,,,
274,,"Pío XII, 75",,28.13118786,-15.43299830,,,,,,
259,,"Galicia (Mercado Central)",,28.13367212,-15.43309802,,,,,,
276,,"Galicia (Mercado Central)",,28.13324527,-15.43320134,,,,,,
261,,"Galicia, 32",,28.13519200,-15.43325600,,,,,,
661,,"Galilea, 31",,28.09235342,-15.48558908,,,,,,
618,,"Galilea, 8",,28.09394774,-15.48532654,,,,,,
599,,"Galilea, frente 6",,28.09394067,-15.48525731,,,,,,
972,,"Gavilán (residencial Los Granjeros)",,28.07405429,-15.42840830,,,,,,
607,,"Real del Castillo (hospital Juan Carlos I)",,28.10272338,-15.42396032,,,,,,
351,,"Real del Castillo",,28.10370053,-15.42868714,,,,,,
355,,"Gobernador Marín Acuña, 24",,28.10247257,-15.42409827,,,,,,
353,,"Gobernador Marín Acuña, 50",,28.10347084,-15.42559203,,,,,,
673,,"Guantánamo (Centro P. Salto del Negro)",,28.05927698,-15.43221207,,,,,,
657,,"Guantánamo, 108",,28.05962546,-15.43021447,,,,,,
662,,"Guantánamo, 115",,28.06047293,-15.42745696,,,,,,
664,,"Guantánamo, 165",,28.05956861,-15.43014485,,,,,,
674,,"Guantánamo, 215",,28.05921781,-15.43205363,,,,,,
655,,"Guantánamo, frente 121",,28.06043506,-15.42779674,,,,,,
271,,"Gumidafe, 30",,28.15266359,-15.42790479,,,,,,
768,,"Habana, 27",,28.12935000,-15.43959200,,,,,,
777,,"Habana, 28",,28.12923800,-15.43977800,,,,,,
596,,"Hebrón, 2",,28.10436964,-15.46920083,,,,,,
598,,"Hebrón, 24",,28.10329337,-15.47040944,,,,,,
56,,"Henry Dunant, frente 10",,28.11271420,-15.43530627,,,,,,
384,,"Henry Dunant, frente 42",,28.11153400,-15.43731800,,,,,,
157,,"Hoya de La Plata",,28.06973169,-15.41814313,,,,,,
928,,"Hoya de La Plata",,28.06973169,-15.41814313,,,,,,
670,,"Hoya del Enamorado (IES José Saramago)",,28.10764961,-15.44871867,,,,,,
663,,"Hoya del Enamorado (IES José Saramago)",,28.10762163,-15.44858877,,,,,,
439,,"Ind. José Sánchez Peñate (C.C. Las Arenas)",,28.12804445,-15.44695504,,,,,,
245,,"Ingeniero J. Bosch y Sintes, 1",,28.10846881,-15.42105064,,,,,,
679,,"Isla de La Graciosa, 41",,28.05603648,-15.44585545,,,,,,
677,,"Isla de La Graciosa, frente 42",,28.05671423,-15.44474050,,,,,,
675,,"Isla de La Graciosa, frente 72",,28.05742280,-15.44313758,,,,,,
685,,"Isla de Montaña Clara, frente 5",,28.05536614,-15.44666535,,,,,,
457,,"José Luis Guerra de Armas (Alonso Quijano)",,28.15457010,-15.42824975,,,,,,
440,,"José Luis Guerra de Armas (cruce de Las Coloradas)",,28.15507903,-15.42960237,,,,,,
204,,"Juan de Quesada (Rectorado ULPGC)",,28.09895037,-15.42066098,,,,,,
572,,"Juan Manuel Durán González (El Corte Inglés)",,28.13546790,-15.43258464,,,,,,
316,,"Juan Manuel Durán González, 40",,28.13526596,-15.43549560,,,,,,
31,,"Juan Rejón (Castillo de La Luz)",,28.14917339,-15.42531031,,,,,,
34,,"Juan Rejón, 67",,28.14919242,-15.42595393,,,,,,
30,,"Juan Rejón, 25",,28.14880400,-15.42804790,,,,,,
434,,"Juan Sánchez de la Coba, 16",,28.08093990,-15.41967693,,,,,,
131,,"Juan Sánchez de la Coba, 2",,28.08280144,-15.41980818,,,,,,
331,,"Juan Saraza Ortiz, 14",,28.10318122,-15.43268188,,,,,,
330,,"Juan Saraza Ortiz, frente 7",,28.10326461,-15.43232676,,,,,,
138,,"Juan Sebastian Bach, frente 4",,28.07446831,-15.41934763,,,,,,
665,,"Judas Tadeo (barranquillo)",,28.09091313,-15.48514483,,,,,,
959,,"Judas Tadeo (Isla Perdida)",,28.08957552,-15.48083269,,,,,,
672,,"Judas Tadeo, 34",,28.09109443,-15.48293958,,,,,,
693,,"Judas Tadeo, 36",,28.09112199,-15.48354604,,,,,,
735,,"Judas Tadeo, 61",,28.09046048,-15.48147690,,,,,,
726,,"Judas Tadeo, 66",,28.09041905,-15.48154274,,,,,,
490,,"Junco (Amapola)",,28.11040447,-15.45406470,,,,,,
498,,"Las Torres (Tanatorio)",,28.11271671,-15.45497396,,,,,,
222,,"La Matula, 25",,28.08947932,-15.43584948,,,,,,
224,,"La Matula, 65",,28.08752210,-15.43708543,,,,,,
226,,"La Matula, 97",,28.08549651,-15.43879333,,,,,,
33,,"Juan Rejón (frente Bomberos La Isleta)",,28.15044470,-15.41905782,,,,,,
604,,"Las Borreras, 1",,28.10659200,-15.45027100,,,,,,
627,,"Las Borreras, 10",,28.10716720,-15.45290081,,,,,,
629,,"Las Borreras, frente 1",,28.10669135,-15.45022259,,,,,,
791,,"Lázaro de Ortega (Ciudad del Campo)",,28.09189704,-15.47863834,,,,,,
793,,"Lázaro de Ortega, 39",,28.09020335,-15.47941887,,,,,,
513,,"Lentini (Monopol)",,28.10231351,-15.41517606,,,,,,
13,,"León y Castillo (C.N. Metropole)",,28.12211981,-15.42675145,,,,,,
441,,"León y Castillo (club Náutico)",,28.13286013,-15.42957828,,,,,,
16,,"León y Castillo (colegio Salesiano)",,28.12269298,-15.42737560,,,,,,
22,,"León y Castillo (edificio José Antonio)",,28.13257606,-15.43007608,,,,,,
15,,"León y Castillo (Oficinas Municipales)",,28.12476861,-15.42856706,,,,,,
8,,"León y Castillo (pl. de La Feria)",,28.11343339,-15.42004315,,,,,,
17,,"León y Castillo (Torre Las Palmas)",,28.12875648,-15.42981111,,,,,,
6,,"León y Castillo, 13",,28.10987174,-15.41822324,,,,,,
10,,"León y Castillo, 145",,28.11641053,-15.42245882,,,,,,
12,,"León y Castillo, 185",,28.11797629,-15.42383423,,,,,,
14,,"León y Castillo, 209",,28.12008373,-15.42560149,,,,,,
42,,"Dr. Waksman (pl. de La Feria)",,28.11305890,-15.42033753,,,,,,
970,,"Leonardo Torriani (Zárate)",,28.07906443,-15.42227448,,,,,,
773,,"Leopoldo Alonso",,28.11806562,-15.44360396,,,,,,
741,,"Leopoldo Alonso, 5",,28.11785040,-15.44337448,,,,,,
987,,"Lomo de La Cruz",,28.09084924,-15.44774943,,,,,,
762,,"L. Suárez Rivero, 22",,28.07610753,-15.47258130,,,,,,
418,,"L. Suárez Rivero, 9",,28.07624321,-15.47270363,,,,,,
760,,"Centro Deportivo San Lorenzo",,28.07355765,-15.46827426,,,,,,
200,,"Los Manzanos",,28.09448740,-15.42325223,,,,,,
9,,"Luis Doreste Silva, 22",,28.11611731,-15.42131181,,,,,,
37,,"Luis Doreste Silva, 50",,28.11861697,-15.42349786,,,,,,
265,,"Luján Pérez, 20",,28.14956689,-15.42961659,,,,,,
267,,"Luján Pérez, 66",,28.15118931,-15.42995522,,,,,,
508,,"Madreselva",,28.11244264,-15.45392114,,,,,,
501,,"Madreselva, frente 69",,28.11178743,-15.45248011,,,,,,
566,,"Manuel de Falla (colegio La Paterna)",,28.09233677,-15.44942352,,,,,,
562,,"Manuel de Falla (Nueva Paterna)",,28.09007560,-15.45037105,,,,,,
378,,"Manuel de Falla (salida de La Paterna)",,28.09683443,-15.44746392,,,,,,
391,,"Manuel de Falla, frente 11",,28.09471138,-15.44703379,,,,,,
389,,"Manuel de Falla, frente 118",,28.09682659,-15.44650644,,,,,,
564,,"Manuel de Falla, frente 52",,28.09084298,-15.45065649,,,,,,
949,,"Manuel de Falla, frente 56",,28.08960994,-15.45161263,,,,,,
395,,"Manuel de Falla, frente 72",,28.09204925,-15.44866234,,,,,,
393,,"Manuel de Falla, frente 84",,28.09376748,-15.44771361,,,,,,
695,,"Manzanilla, frente 14",,28.10999741,-15.45251217,,,,,,
414,,"María Dolorosa, 1",,28.16460815,-15.43425559,,,,,,
548,,"Marianao, 103",,28.06153790,-15.42769719,,,,,,
91,,"Marianao, 12",,28.06361936,-15.42289487,,,,,,
544,,"Marianao, 5",,28.06337698,-15.42262054,,,,,,
546,,"Marianao, 53",,28.06233582,-15.42509372,,,,,,
533,,"Marianao, 60",,28.06148008,-15.42866242,,,,,,
660,,"Marianao, frente 82",,28.06089536,-15.43013769,,,,,,
722,,"Mariucha (Canódromo)",,28.11106431,-15.43444884,,,,,,
289,,"Mariucha (plaza Don Benito)",,28.11333180,-15.43034204,,,,,,
64,,"Mariucha, 139",,28.10923400,-15.43786100,,,,,,
66,,"Mariucha, 171",,28.10720618,-15.43973353,,,,,,
250,,"Miguel Ángel Asturias (iglesia El Batán)",,28.09554675,-15.42887539,,,,,,
231,,"Miguel Ángel Asturias (iglesia El Batán)",,28.09591245,-15.42859756,,,,,,
229,,"Miguel Ángel Asturias, 5",,28.09461700,-15.42926000,,,,,,
248,,"Miguel Ángel Asturias, frente 5",,28.09461990,-15.42941181,,,,,,
105,,"Miguel Martín Fernández de la Torre, 7",,28.05780976,-15.44525532,,,,,,
694,,"Miguel Martín Fernández de la Torre (Centro de Menores)",,28.05780926,-15.44177340,,,,,,
712,,"Mimosa",,28.11273969,-15.45242320,,,,,,
717,,"Mimosa",,28.11243404,-15.45251268,,,,,,
454,,"Mimosa (Gardenia)",,28.11515937,-15.45042666,,,,,,
535,,"Monterrey, 1",,28.06101268,-15.43054257,,,,,,
494,,"Munguía, 8",,28.10628901,-15.41529528,,,,,,
506,,"Mimosa, 27-29",,28.11475511,-15.45066714,,,,,,
192,,"Néstor Álamo (campo de lucha)",,28.10259747,-15.47141022,,,,,,
216,,"Nueva, 35",,28.09697388,-15.43076313,,,,,,
614,,"Nueva, 73",,28.09561363,-15.43181682,,,,,,
218,,"Nueva, 77",,28.09400375,-15.43350638,,,,,,
175,,"Nueva, frente 67",,28.09583700,-15.43175200,,,,,,
199,,"Nueva, frente 25",,28.09734600,-15.43081700,,,,,,
410,,"Numancia, 68",,28.13034744,-15.44549834,,,,,,
306,,"Obispo Romo (Mercado de Altavista)",,28.11460707,-15.43536960,,,,,,
308,,"Obispo Romo (parque Hermanos Millares)",,28.11685100,-15.43704600,,,,,,
295,,"Obispo Romo, frente 27",,28.11553947,-15.43583927,,,,,,
766,,"Olivo (carretera de Almatriche)",,28.09386093,-15.45900223,,,,,,
314,,"Olof Palme, 40",,28.13333629,-15.43560616,,,,,,
630,,"Orinoco",,28.09240859,-15.44421175,,,,,,
275,,"Osorio, 58",,28.15258677,-15.42466660,,,,,,
973,,"Otoño (Hoya Andrea)",,28.09006667,-15.46146667,,,,,,
294,,"Palmar, frente 82",,28.15333890,-15.42361987,,,,,,
711,,"Pardela, 14",,28.07345541,-15.42917868,,,,,,
106,,"Párroco José C. Quintana,  15",,28.06726607,-15.41804542,,,,,,
101,,"Párroco José C. Quintana, 30",,28.06698200,-15.41859700,,,,,,
108,,"Párroco José C. Quintana, 41",,28.06675546,-15.41896862,,,,,,
103,,"Párroco José C. Quintana, 46",,28.06645119,-15.41981222,,,,,,
99,,"Párroco José C. Quintana, 8",,28.06817299,-15.41780043,,,,,,
104,,"Párroco José C. Quintana, frente 8",,28.06849384,-15.41779158,,,,,,
52,,"Párroco Matías Artiles",,28.11304707,-15.43362124,,,,,,
233,,"Párroco Segundo Vega, 116",,28.09647167,-15.42866350,,,,,,
237,,"Párroco Segundo Vega, 166",,28.09462046,-15.43054291,,,,,,
239,,"Párroco Segundo Vega, 220",,28.09282100,-15.43222112,,,,,,
241,,"Párroco Segundo Vega, 276",,28.09059700,-15.43345600,,,,,,
235,,"Párroco Segundo Vega, frente 121",,28.09563700,-15.42968700,,,,,,
344,,"Párroco Segundo Vega, frente 238",,28.09212897,-15.43261084,,,,,,
45,,"Párroco Villar Reina, 154 (barranquillo D. Zoilo)",,28.11392495,-15.43256131,,,,,,
50,,"Párroco Villar Reina, 61 (barranquillo D. Zoilo)",,28.11584638,-15.43155029,,,,,,
43,,"Párroco Villar Reina, 80 (barranquillo D. Zoilo)",,28.11605880,-15.43140264,,,,,,
264,,"Tomás Morales, 5",,28.10825951,-15.42072048,,,,,,
126,,"Pedro Hidalgo, 35",,28.07169292,-15.42081253,,,,,,
128,,"Pedro Hidalgo, 53",,28.07140845,-15.42209208,,,,,,
166,,"Pedro Hidalgo, 97",,28.07141122,-15.42409476,,,,,,
147,,"Pedro Hidalgo, frente 91",,28.07160369,-15.42389192,,,,,,
581,,"Pepe Dámaso, 12",,28.10059141,-15.47450911,,,,,,
576,,"Pepe Dámaso, 17",,28.10042345,-15.47440757,,,,,,
349,,"Pepe Dámaso, 32",,28.09977845,-15.47786496,,,,,,
388,,"Pepe Dámaso, 43",,28.09966983,-15.47757964,,,,,,
48,,"Pérez del Toro (pl. Dr. Juan Bosch Millares)",,28.11720600,-15.42731100,,,,,,
46,,"Pérez del Toro, 13",,28.11364800,-15.42511800,,,,,,
421,,"Pérez Muñoz, 100",,28.15289311,-15.42765421,,,,,,
417,,"Pérez Muñoz, 34",,28.14995330,-15.42700365,,,,,,
419,,"Pérez Muñoz, 78",,28.15159796,-15.42737760,,,,,,
534,,"Pino Apolinario (iglesia Lomo Apolinario)",,28.09606358,-15.43821409,,,,,,
342,,"Pino Apolinario, 53",,28.09742072,-15.43678432,,,,,,
340,,"Pino Apolinario, 9",,28.09846080,-15.43512848,,,,,,
772,,"Pintor Juan Guillermo (C.C. La Minilla)",,28.12556023,-15.43871993,,,,,,
770,,"Pintor Juan Guillermo, frente 19",,28.12753066,-15.43765411,,,,,,
53,,"Pintor Juan Ismael (Iglesia Redonda)",,28.11052591,-15.43822118,,,,,,
255,,"Pío XII (colegio Teresiano)",,28.12503134,-15.43219560,,,,,,
270,,"Pío XII (colegio Teresiano)",,28.12526500,-15.43244192,,,,,,
257,,"Pío XII (Estadio Insular)",,28.12885545,-15.43292133,,,,,,
272,,"Pío XII (Estadio Insular)",,28.12810555,-15.43300823,,,,,,
757,,"Plutón (CEIP Hoya Andrea)",,28.09250116,-15.46199656,,,,,,
739,,"Plutón, frente 14",,28.09502460,-15.46196179,,,,,,
24,,"Presidente Alvear (iglesia del Pino)",,28.13563600,-15.43043400,,,,,,
58,,"Presidente Alvear, 17",,28.13508584,-15.43036942,,,,,,
279,,"Primero de Mayo, 56",,28.10589824,-15.41997860,,,,,,
543,,"Profesor Lozano (Canarias 7)",,28.15602513,-15.41769200,,,,,,
639,,"Profesor Lozano (Catamarca)",,28.15437676,-15.42088955,,,,,,
641,,"Profesor Lozano (rotonda Arequipa)",,28.15597359,-15.42037056,,,,,,
552,,"Profesor Lozano, 10",,28.15616443,-15.41693370,,,,,,
648,,"Profesor Lozano, 34",,28.15628312,-15.42011735,,,,,,
198,,"Real de San Juan (antigua cárcel)",,28.09437614,-15.42371553,,,,,,
433,,"Real de San Juan, 14",,28.09838024,-15.41940149,,,,,,
431,,"Real de San Juan, 2",,28.09873337,-15.41775943,,,,,,
221,,"Real de San Juan, 62",,28.09656541,-15.42167028,,,,,,
435,,"Real de San Juan, frente 89",,28.09770084,-15.42052588,,,,,,
206,,"Real de S. Roque, 13",,28.09794471,-15.42157071,,,,,,
189,,"Real de S. Roque, frente 11",,28.09829801,-15.42175218,,,,,,
348,,"Real del Castillo",,28.10379245,-15.42874764,,,,,,
350,,"Real del Castillo, 117",,28.10182838,-15.42342893,,,,,,
171,,"Reyes Católicos, 9",,28.09987737,-15.41390051,,,,,,
154,,"Sabino Berthelot, 19",,28.07930487,-15.42086947,,,,,,
643,,"Sabino Berthelot, 26",,28.07848400,-15.42249600,,,,,,
650,,"Sabino Berthelot, 39",,28.07836047,-15.42265652,,,,,,
133,,"Sabino Berthelot, 6",,28.07951312,-15.42076231,,,,,,
172,,"Salamanca, 135",,28.06880847,-15.42779444,,,,,,
974,,"Salamanca, 171 (Pedro Hidalgo)",,28.06737105,-15.42912693,,,,,,
168,,"Salamanca, 63",,28.06945039,-15.42517260,,,,,,
170,,"Salamanca, 99",,28.06944533,-15.42645799,,,,,,
424,,"San Andrés, 28",,28.09533035,-15.48173436,,,,,,
623,,"San Andrés, 39",,28.09494947,-15.48196495,,,,,,
620,,"San Andrés, 6",,28.09692700,-15.48176500,,,,,,
601,,"San Andrés, frente 6",,28.09670325,-15.48160749,,,,,,
153,,"San Cristóbal de La Laguna, frente 133",,28.06919756,-15.42916429,,,,,,
155,,"San Cristóbal de La Laguna, 168",,28.06821161,-15.43004553,,,,,,
455,,"San Cristóbal de La Laguna, 196",,28.06733920,-15.43055699,,,,,,
151,,"San Cristóbal de La Laguna, 96",,28.06973519,-15.42767130,,,,,,
149,,"San Cristóbal de La Laguna, frente 51",,28.06969409,-15.42578950,,,,,,
426,,"San Fermín, 20",,28.09465235,-15.48335249,,,,,,
631,,"San Fernando, 38",,28.09417100,-15.48337400,,,,,,
219,,"San José Artesano, 24",,28.08487600,-15.44328500,,,,,,
611,,"San José Artesano, 46",,28.08363953,-15.44478491,,,,,,
680,,"Judas Tadeo (barranquillo)",,28.09082338,-15.48519218,,,,,,
329,,"Sta. Luisa de Marillac (Bingo Cinema)",,28.10966293,-15.43062645,,,,,,
327,,"Sta. Luisa de Marillac (pl. Martín Cobos)",,28.10721623,-15.43320084,,,,,,
325,,"Sta. Luisa de Marillac, 43",,28.10585500,-15.43399900,,,,,,
124,,"Sargento Salom, 34",,28.07273123,-15.41889047,,,,,,
143,,"Sargento Salom, 44",,28.07277992,-15.41916151,,,,,,
146,,"Schubert, 17",,28.07462943,-15.42112338,,,,,,
144,,"Schubert, 5",,28.07507170,-15.41969976,,,,,,
142,,"Schubert, frente 6",,28.07489639,-15.41963144,,,,,,
751,,"Serventía, 101",,28.08669700,-15.45960600,,,,,,
738,,"Serventía, 145",,28.08894276,-15.46014830,,,,,,
749,,"Serventía, 189",,28.09082952,-15.46031578,,,,,,
753,,"Serventía, 85",,28.08796343,-15.46017485,,,,,,
223,,"Severo Ochoa",,28.09582600,-15.42517400,,,,,,
244,,"Severo Ochoa (Albert Schwitzer)",,28.09389805,-15.42872907,,,,,,
438,,"Severo Ochoa (C.S. El Batán)",,28.09570028,-15.42524570,,,,,,
246,,"Severo Ochoa (George Bernard Shaw)",,28.09281886,-15.42992348,,,,,,
227,,"Severo Ochoa (George Pire)",,28.09346836,-15.42944402,,,,,,
225,,"Severo Ochoa, 12",,28.09505688,-15.42762499,,,,,,
242,,"Severo Ochoa, frente 10",,28.09516712,-15.42739772,,,,,,
415,,"Simancas, 70",,28.12976843,-15.44406523,,,,,,
699,,"Tablero de Gonzalo",,28.05774264,-15.43939416,,,,,,
692,,"Tablero de Gonzalo, frente 7",,28.05771786,-15.43917275,,,,,,
62,,"Teobaldo Power (Iglesia Redonda)",,28.11056500,-15.43784300,,,,,,
55,,"Teobaldo Power, frente 51",,28.10864065,-15.43974891,,,,,,
269,,"Tinguaro, 18",,28.15313212,-15.42930192,,,,,,
311,,"Tomás Miller (playa de Las Canteras)",,28.14154060,-15.43373622,,,,,,
263,,"Tomás Miller, frente 31",,28.13749700,-15.43343400,,,,,,
4,,"Triana (parque San Telmo)",,28.10826300,-15.41743600,,,,,,
696,,"Tunerillas, frente 20",,28.09556838,-15.44956316,,,,,,
420,,"Centro Deportivo San Lorenzo",,28.07365000,-15.46800000,,,,,,
5,,"Venegas (Usos Múltiples)",,28.11259245,-15.41873934,,,,,,
600,,"Ventura Doreste, 7",,28.10147428,-15.47229754,,,,,,
531,,"Veracruz, 16",,28.06313583,-15.42448423,,,,,,
569,,"Veracruz, 36",,28.06244067,-15.42666283,,,,,,
326,,"Virgen de La Paloma (iglesia de La Paz)",,28.10687535,-15.43405284,,,,,,
324,,"Virgen de La Paloma, frente 19",,28.10539609,-15.43450542,,,,,,
558,,"Virgen del Pilar (pl. Barranco de La Ballena)",,28.11369031,-15.44683802,,,,,,
547,,"Virgen del Pilar, 28",,28.11628439,-15.44497616,,,,,,
560,,"Virgen del Pilar, frente 26",,28.11580577,-15.44559363,,,,,,
570,,"Zaragoza (Don Pedro Infinito)",,28.10952859,-15.43179345,,,,,,
293,,"Zaragoza, 26",,28.11115662,-15.43283535,,,,,,
304,,"Zaragoza, 27",,28.11105065,-15.43291169,,,,,,
518,,"Archivero Joaquín Blanco Montesdeoca (Pedro Barber)",,28.11264997,-15.45157819,,,,,,
681,,"Arquitecto José Luis Jiménez, 3",,28.05647575,-15.44836105,,,,,,
145,,"Pedro Hidalgo (polideportivo)",,28.07167296,-15.42125089,,,,,,
322,,"Calzada Lateral del Norte (C.S. Miller Bajo)",,28.10471823,-15.43254494,,,,,,
320,,"Calzada Lateral del Norte (Divina Pastora)",,28.10568018,-15.42711183,,,,,,
968,,"Campus Universitario (Ingenierías)",,28.07111151,-15.45532190,,,,,,
709,,"Ctra. San Juan de Dios (Guincho)",,28.07394523,-15.42670652,,,,,,
715,,"Ctra. San Juan de Dios (Guincho)",,28.07385293,-15.42715730,,,,,,
744,,"Ctra. de Almatriche",,28.08938852,-15.45920485,,,,,,
740,,"Ctra. de Almatriche (Fábrica de Tejas)",,28.09334853,-15.45978930,,,,,,
742,,"Ctra. de Almatriche (gasolinera)",,28.09092323,-15.45940072,,,,,,
746,,"Ctra. de Almatriche, 135",,28.08521178,-15.45957353,,,,,,
492,,"Ctra. de Almatriche, 138",,28.08384489,-15.46164149,,,,,,
748,,"Ctra. de Almatriche, 169",,28.08351637,-15.46155443,,,,,,
743,,"Ctra. de Almatriche, 20",,28.09277944,-15.45986288,,,,,,
750,,"Ctra. de Almatriche, 259",,28.08024742,-15.46174361,,,,,,
484,,"Ctra. de Almatriche, 30",,28.07819476,-15.46198505,,,,,,
504,,"Ctra. de Almatriche, 94",,28.08628079,-15.45911917,,,,,,
745,,"Ctra. de Almatriche, frente 47",,28.09073333,-15.45950000,,,,,,
747,,"Ctra. de Almatriche, frente 71",,28.08951965,-15.45933551,,,,,,
474,,"Ctra. de Chile (campo de golf)",,28.12606489,-15.44533125,,,,,,
493,,"Ctra. de Chile (campo de golf)",,28.12548311,-15.44596575,,,,,,
491,,"Ctra. de Chile, 45",,28.12343135,-15.44673943,,,,,,
472,,"Ctra. de Chile, 68",,28.12321724,-15.44680022,,,,,,
489,,"Ctra. de Chile, 75",,28.12200319,-15.44707911,,,,,,
470,,"Ctra. de Chile, frente 91",,28.12059260,-15.44795693,,,,,,
563,,"Ctra. Lomo Blanco (IES Felo Monzón)",,28.08183197,-15.44717101,,,,,,
252,,"Rotonda de Lomo Blanco",,28.08319048,-15.44604656,,,,,,
582,,"Ctra. Lomo Blanco, frente 51",,28.08190527,-15.44702524,,,,,,
283,,"Ctra. de Mata (San Antonio)",,28.10701192,-15.42324324,,,,,,
319,,"Ctra. de Mata (parque de Las Rehoyas)",,28.10619291,-15.42841554,,,,,,
281,,"Ctra. de Mata (pl. del Pino)",,28.10778626,-15.42188017,,,,,,
317,,"Ctra. de Mata, 42",,28.10614700,-15.42475300,,,,,,
346,,"Ctra. de San Lorenzo (barranco)",,28.07704002,-15.47888710,,,,,,
759,,"Ctra. de San Lorenzo, 230",,28.07660000,-15.47835000,,,,,,
382,,"Ctra. de San Lorenzo, 383",,28.07877087,-15.46436433,,,,,,
180,,"Ctra. de San Lorenzo, frente 128",,28.08805898,-15.47875223,,,,,,
296,,"Ctra. de San Lorenzo, frente 172",,28.08403540,-15.47825150,,,,,,
298,,"Ctra. de San Lorenzo, frente 186",,28.08161667,-15.47806667,,,,,,
416,,"Ctra. de San Lorenzo, frente 282",,28.07578207,-15.47401197,,,,,,
477,,"Ctra. de Tamaraceite (Las Majadillas)",,28.10719300,-15.46004300,,,,,,
458,,"Ctra. de Tamaraceite (Las Perreras)",,28.10340273,-15.46209377,,,,,,
450,,"Ctra. de Tamaraceite (rotonda Lomo Los Frailes)",,28.09680900,-15.46694000,,,,,,
469,,"Ctra. de Tamaraceite (rotonda Lomo Los Frailes)",,28.09638125,-15.46514011,,,,,,
462,,"Ctra. de Tamaraceite (urb. ind. Lomo Blanco)",,28.11004300,-15.45848600,,,,,,
452,,"Ctra. de Tamaraceite (urb. La Guillena)",,28.09596900,-15.46249700,,,,,,
471,,"Ctra. de Tamaraceite (urb. La Guillena)",,28.09583760,-15.46257458,,,,,,
456,,"Ctra. de Tamaraceite, frente 71",,28.09820291,-15.46199721,,,,,,
460,,"Ctra. de Tamaraceite, frente 21",,28.10656704,-15.46064323,,,,,,
603,,"Ctra. de Teror",,28.09766274,-15.48032062,,,,,,
622,,"Ctra. de Teror, 16",,28.09778670,-15.48008504,,,,,,
464,,"Ctra. del Cardón (cruce Las Torres)",,28.11537671,-15.45539082,,,,,,
481,,"Ctra. del Cardón (cruce Las Torres)",,28.11552611,-15.45524008,,,,,,
466,,"Ctra. del Cardón (urb. Díaz Casanovas)",,28.11721500,-15.45487900,,,,,,
483,,"Ctra. del Cardón (urb. Díaz Casanovas)",,28.11755590,-15.45430995,,,,,,
485,,"Ctra. del Cardón, 41",,28.11932269,-15.45171311,,,,,,
468,,"Ctra. del Cardón, frente 49",,28.11924600,-15.45218874,,,,,,
625,,"Ctra. del Centro (antigua cárcel)",,28.09343000,-15.42541500,,,,,,
436,,"Ctra. del Centro (Barranco Seco)",,28.09412800,-15.42466300,,,,,,
240,,"Ctra. del Centro (colegio S. Juan Bosco)",,28.09762345,-15.42267793,,,,,,
574,,"Ctra. del Centro (Teatro Guiniguada)",,28.10218437,-15.41489331,,,,,,
380,,"Ctra. del Norte (C.C. La Ballena)",,28.10023576,-15.44269511,,,,,,
376,,"Ctra. del Norte (frente C.C. La Ballena)",,28.09995008,-15.44217682,,,,,,
374,,"Ctra. del Norte (IES Cruz de Piedra)",,28.10250537,-15.43684270,,,,,,
385,,"Ctra. del Norte (Los Tarahales)",,28.09817151,-15.44707158,,,,,,
399,,"Ctra. del Norte (Los Tarahales)",,28.09703875,-15.44800104,,,,,,
321,,"Ctra. del Norte, 14",,28.10563952,-15.43214646,,,,,,
405,,"Ctra. del Norte, 225",,28.09781972,-15.44864853,,,,,,
390,,"Ctra. del Norte, 234",,28.09755340,-15.44857700,,,,,,
323,,"Ctra. del Norte, 30",,28.10451564,-15.43326697,,,,,,
379,,"Ctra. del Norte, 40",,28.10379400,-15.43417300,,,,,,
381,,"Ctra. del Norte, 68",,28.10219264,-15.43799181,,,,,,
194,,"Ctra. del Cardón (rotonda)",,28.11842316,-15.45322759,,,,,,
561,,"Ctra. del Cardón, frente 118",,28.11954534,-15.44808653,,,,,,
446,,"Ctra. Gral. Tamaraceite, 140",,28.09681726,-15.47366362,,,,,,
444,,"Ctra. Gral. Tamaraceite, 172",,28.09820212,-15.47506598,,,,,,
613,,"Ctra. Lomo Blanco, 54",,28.07993757,-15.44743423,,,,,,
763,,"Ctra. Nueva de San Lorenzo (gasolinera)",,28.09326590,-15.47798710,,,,,,
771,,"Ctra. de San Lorenzo, 254",,28.07633899,-15.47647459,,,,,,
765,,"Ctra. de San Lorenzo, 120",,28.08828816,-15.47887024,,,,,,
767,,"Ctra. de San Lorenzo, 154",,28.08581685,-15.47891058,,,,,,
769,,"Ctra. de San Lorenzo, 188",,28.08149239,-15.47816039,,,,,,
764,,"Ctra. de San Lorenzo, 282",,28.07577066,-15.47392389,,,,,,
752,,"Ctra. de San Lorenzo, 400",,28.07777485,-15.46251115,,,,,,
786,,"Ctra. subida a Tafira (La Favorita)",,28.08483600,-15.43683900,,,,,,
479,,"Ctra. Tamaraceite (Danone)",,28.11001800,-15.45838000,,,,,,
473,,"Ctra. Tamaraceite (Las Perreras)",,28.09800342,-15.46181343,,,,,,
475,,"Ctra. Tamaraceite, frente 62",,28.10302000,-15.46223900,,,,,,
646,,"Catamarca, frente 2",,28.15240226,-15.41862534,,,,,,
714,,"Ciencias Básicas",,28.07340700,-15.45278050,,,,,,
605,,"Ciencias Básicas / Informática",,28.07276171,-15.45190456,,,,,,
612,,"Ciencias Básicas / Teología",,28.07254928,-15.45168200,,,,,,
691,,"Ciencias Jurídicas (Módulo B)",,28.07812217,-15.44924846,,,,,,
978,,"Ciudad de San Juan de Dios (El Lasso)",,28.08063335,-15.42498924,,,,,,
234,,"Ctra. Lomo Blanco (El Hornillo)",,28.08778873,-15.43944946,,,,,,
236,,"Ctra. Lomo Blanco (Felipe Martel)",,28.08400486,-15.44262072,,,,,,
217,,"Ctra. Lomo Blanco (Felipe Martel)",,28.08389417,-15.44291923,,,,,,
232,,"Ctra. Lomo Blanco (Hermanos Toledo Suárez)",,28.08458284,-15.44121796,,,,,,
213,,"Ctra. Lomo Blanco (Hermanos Toledo Suárez)",,28.08476365,-15.44114342,,,,,,
215,,"Ctra. Lomo Blanco (Lomo Verdejo)",,28.08804474,-15.43917529,,,,,,
230,,"Ctra. Lomo Blanco (Puente La Matula)",,28.08242384,-15.44206948,,,,,,
567,,"Ctra. Lomo Blanco (urb. El Zurbarán)",,28.07605634,-15.44965018,,,,,,
578,,"Ctra. Lomo Blanco (urb. El Zurbarán)",,28.07582280,-15.44961066,,,,,,
580,,"Ctra. Lomo Blanco, 81",,28.07996776,-15.44734574,,,,,,
565,,"Ctra. Lomo Blanco, 94",,28.07771030,-15.44837508,,,,,,
148,,"Ctra. Lomo Blanco, 5",,28.08330107,-15.44355460,,,,,,
787,,"Ctra. Pico Viento (Asilo de Ancianos)",,28.07419571,-15.44696752,,,,,,
788,,"Ctra. Pico Viento (Asilo de Ancianos)",,28.07399600,-15.44680829,,,,,,
940,,"Guiniguada",,28.10067908,-15.41908018,,,,,,
894,,"Hospital Dr. Negrín (Consultas Externas)",,28.11919658,-15.44455043,,,,,,
963,,"Hospital Dr. Negrín (Consultas Externas)",,28.11919562,-15.44458487,,,,,,
705,,"Hospital Dr. Negrín (Hospitalización)",,28.12094700,-15.44320800,,,,,,
989,,"Hospital Juan Carlos I",,28.10316880,-15.42295140,,,,,,
897,,"Hospital Juan Carlos I",,28.10316880,-15.42295140,,,,,,
796,,"Hoya de La Plata",,28.06956459,-15.41802669,,,,,,
933,,"Hoya de La Plata",,28.06956459,-15.41802669,,,,,,
731,,"Ingenierías",,28.07069336,-15.45516300,,,,,,
898,,"Ingenierías",,28.07145031,-15.45535628,,,,,,
983,,"Ingenierías",,28.07145031,-15.45535628,,,,,,
966,,"Intercambiador de Tamaraceite",,28.09874699,-15.47938913,,,,,,
999,,"Intercambiador Santa Catalina",,28.14023147,-15.42838072,,,,,,
209,,"La Matula, frente 95",,28.08562695,-15.43885940,,,,,,
205,,"La Matula, frente 25",,28.08951783,-15.43590940,,,,,,
207,,"La Matula, frente 61",,28.08785807,-15.43704975,,,,,,
11,,"Manuel Becerra (Puerto)",,28.15020789,-15.42201479,,,,,,
953,,"Manuel Becerra (Puerto)",,28.15020789,-15.42201479,,,,,,
944,,"Manuel Becerra (Puerto)",,28.15025905,-15.42169313,,,,,,
993,,"Mercado de Vegueta",,28.10265634,-15.41300107,,,,,,
26,,"Parque Santa Catalina",,28.13996041,-15.43075225,,,,,,
666,,"Parque Tecnológico",,28.07948400,-15.45341200,,,,,,
303,,"Pº de Chil (Estadio Insular)",,28.12946569,-15.43483307,,,,,,
305,,"Concepción Arenal (pl. de España)",,28.13373530,-15.43499338,,,,,,
287,,"Pº San Antonio, 56",,28.11380749,-15.42851541,,,,,,
79,,"Pº San José (iglesia San José)",,28.09500586,-15.41840827,,,,,,
82,,"Pº San José (iglesia San José)",,28.09473690,-15.41827361,,,,,,
81,,"Pº San José, 170",,28.09134919,-15.41918157,,,,,,
83,,"Pº San José, 214",,28.08977800,-15.41970000,,,,,,
85,,"Pº San José, 264",,28.08819006,-15.42011429,,,,,,
87,,"Pº San José, 290",,28.08597450,-15.41960777,,,,,,
84,,"Pº San José, frente 154",,28.09182199,-15.41895511,,,,,,
86,,"Pº San José, frente 208",,28.08991727,-15.41952462,,,,,,
88,,"Pº San José, frente 266",,28.08823801,-15.41997393,,,,,,
90,,"Pº San José, frente 298",,28.08567589,-15.41899790,,,,,,
251,,"Tomás Morales, 120",,28.11704759,-15.42634139,,,,,,
799,,"Tomás Morales, 4",,28.10835861,-15.42063558,,,,,,
249,,"Tomás Morales, frente 69",,28.11500100,-15.42516200,,,,,,
23,,"Juan Manuel Durán González (Base Naval)",,28.13561132,-15.43017263,,,,,,
545,,"Pl. Barranco La Ballena",,28.11378567,-15.44654109,,,,,,
247,,"Pl. de la Constitución (Obelisco)",,28.11221231,-15.42332079,,,,,,
44,,"Pl. de la Constitución (Obelisco)",,28.11190391,-15.42375682,,,,,,
412,,"Pl. de San Lorenzo",,28.07613727,-15.47631371,,,,,,
211,,"Puente La Matula",,28.08269983,-15.44131138,,,,,,
184,,"Residencial Flor Sirera",,28.10850000,-15.46496667,,,,,,
951,,"Residencias (Campus Universitario)",,28.07958689,-15.45252335,,,,,,
706,,"Hospital Dr. Negrín (acceso principal)",,28.12056169,-15.44349890,,,,,,
449,,"Sabino Berthelot (pº Blas Cabrera Felipe)",,28.07990480,-15.41839898,,,,,,
1,,"Teatro",,28.10383060,-15.41371479,,,,,,
976,,"Teatro",,28.10383060,-15.41371479,,,,,,
930,,"Teatro",,28.10434974,-15.41371831,,,,,,
936,,"Tres Palmas",,28.06985503,-15.42283358,,,,,,
659,,"Lomo del Capón",,28.05461416,-15.44739407,,,,,,
523,,"Rafael Cabrera (Teatro)",,28.10426990,-15.41373656,,,,,,
521,,"Pº San Antonio, 4",,28.10791577,-15.42244699,,,,,,
524,,"Pº San Antonio, 85",,28.11216365,-15.42750149,,,,,,
522,,"Pº San Antonio, 27",,28.10807649,-15.42250610,,,,,,
507,,"Ignacio Pérez Galdós",,28.10524735,-15.42584632,,,,,,
285,,"Pº San Antonio (López Orduña)",,28.11223200,-15.42741900,,,,,,
127,,"Doctor Sventenius, frente 2",,28.08474506,-15.42017840,,,,,,
502,,"Las Torres (Tanatorio)",,28.11326083,-15.45455575,,,,,,
453,,"León XIII",,28.10657983,-15.42540633,,,,,,
465,,"Gloria (Agustina de Aragón)",,28.10784587,-15.42480201,,,,,,
467,,"R. Mesa y López (CEIP Timplista José Antonio Ramos)",,28.10942745,-15.42535856,,,,,,
499,,"R. Mesa y López (El Audaz)",,28.11095829,-15.42730261,,,,,,
516,,"Av. Marítima (San Cristóbal)",,28.07997344,-15.41592869,,,,,,
318,,"Ignacio Pérez Galdós (Castillo de Mata)",,28.10659905,-15.42246044,,,,,,
961,,"Ind. José Sánchez Peñate (C.C. Las Arenas)",,28.12836942,-15.44727828,,,,,,
407,,"Ind. José Sánchez Peñate (C.C. Las Arenas)",,28.12836942,-15.44727828,,,,,,
977,,"Paseo de La Cornisa (Escaleritas)",,28.12255785,-15.43413311,,,,,,
736,,"Pintor Felo Monzón (Hipercor)",,28.09522866,-15.45622846,,,,,,
971,,"Pintor Felo Monzón (Hipercor)",,28.09522866,-15.45622846,,,,,,
704,,"Pintor Felo Monzón (Hoya de La Gallina)",,28.09538092,-15.45615470,,,,,,
668,,"Arquitecto Laureano Arroyo, frente 153",,28.05898325,-15.44538206,,,,,,
730,,"Galilea, 60",,28.09135773,-15.48584761,,,,,,
428,,"Galilea, 20",,28.09293096,-15.48559476,,,,,,
432,,"Carretera de San Lorenzo, frente 230",,28.07681437,-15.47807658,,,,,,
21,,"Primero de Mayo, 6",,28.10261551,-15.41771811,,,,,,
18,,"León y Castillo (Oficinas Municipales)",,28.12529530,-15.42910383,,,,,,
782,,"Juan Manuel Durán González (Galicia)",,28.13543771,-15.43302209,,,,,,
511,,"Juan Manuel Durán González (Bernardo de la Torre)",,28.13537591,-15.43404839,,,,,,
361,,"Benecharo (La Naval)",,28.15005752,-15.42390665,,,,,,
790,,"Ctra. del Centro (Barrio Quilmes, 3)",,28.07153857,-15.44987647,,,,,,
729,,"Avda. 8 de Marzo (C.C. Alisios)",,28.09439326,-15.47819019,,,,,,
732,,"Avda. 8 de Marzo (C.C. Alisios)",,28.09465426,-15.47803803,,,,,,
573,,"Miguel Curbelo (Autoridad Portuaria)",,28.14746999,-15.41944519,,,,,,
575,,"Av. Los Cambulloneros",,28.14520028,-15.41617123,,,,,,
577,,"Muelle de León y Castillo (gasolinera de BP)",,28.14805283,-15.41680789,,,,,,
579,,"Av. de las Petrolíferas (Depósitos Comerciales)",,28.15321039,-15.41446462,,,,,,
591,,"Av. de las Petrolíferas (Astican)",,28.15633593,-15.41180648,,,,,,
593,,"Av. de las Petrolíferas (Repnaval - Grupo Zamakona)",,28.16001750,-15.40959689,,,,,,
628,,"Av. de las Petrolíferas (Reina Sofía)",,28.16100866,-15.40743164,,,,,,
594,,"Av. de las Petrolíferas (Repnaval - Grupo Zamakona)",,28.16008567,-15.40987283,,,,,,
592,,"Av. de las Petrolíferas (Astican)",,28.15665976,-15.41200213,,,,,,
590,,"Av. de las Petrolíferas (Depósitos Comerciales)",,28.15370725,-15.41426450,,,,,,
588,,"Muelle de León y Castillo (gasolinera de BP)",,28.15053671,-15.41716683,,,,,,
586,,"Miguel Curbelo (Autoridad Portuaria)",,28.14761894,-15.41959613,,,,,,
514,,"San Cristóbal (Estribor)",,28.07627947,-15.41524849,,,,,,
526,,"San Cristóbal (acceso avda. Marítima)",,28.07970410,-15.41570158,,,,,,
602,,"Av. de las Petrolíferas (Reina Sofía)",,28.16078442,-15.40735560,,,,,,
609,,"Nelson Mandela (acceso)",,28.16329692,-15.40510719,,,,,,
964,,"Nelson Mandela (Armas)",,28.16351796,-15.39992752,,,,,,
616,,"Nelson Mandela (salida)",,28.16350391,-15.40548006,,,,,,
528,,"Tafira Baja",,28.07219945,-15.44969635,,,,,,
312,,"Pº de Chil (Estadio Insular)",,28.12817245,-15.43540648,,,,,,
720,,"Hoya de la Gallina (Cementerio de San Lázaro)",,28.09741284,-15.45821731,,,,,,
645,,"Alicante (C.S. San José)",,28.09244284,-15.41375051,,,,,,
571,,"Costa Rica",,28.13020814,-15.43957751,,,,,,
632,,"Beni",,28.15363103,-15.41819719,,,,,,
509,,"Cruce de La Montañeta",,28.05721273,-15.44888206,,,,,,
503,,"Miguel Martín Fernández de la Torre (frente Centro de Menores)",,28.05788210,-15.44177095,,,,,,
505,,"Miguel Martín Fernández de la Torre (Manuel Oraá)",,28.05788137,-15.44528389,,,,,,
792,,"Ciudad Deportiva Gran Canaria",,28.07640985,-15.41742077,,,,,,
798,,"Mesa y López (Base Naval)",,28.13482012,-15.42963600,,,,,,
895,,"Mercado de Vegueta",,28.10286774,-15.41337617,,,,,,
794,,"Pico Viento",,28.07721826,-15.44400068,,,,,,
719,,"Pico Viento",,28.07710400,-15.44457391,,,,,,
647,,"Concepción Arenal",,28.13342263,-15.43496354,,,,,,
784,,"San Cristóbal (iglesia)",,28.07748558,-15.41535839,,,,,,
785,,"Miller Industrial",,28.09802338,-15.44354914,,,,,,
707,,"Emilio Ley",,28.12178234,-15.42999677,,,,,,
652,,"Pío XII (Alejandro Hidalgo)",,28.12203696,-15.43029932,,,,,,
653,,"Párroco Villar Reina (pº de Chil)",,28.11830100,-15.42999978,,,,,,
538,,"María Arencibia Cabrera",,28.09764831,-15.47762895,,,,,,
537,,"María Arencibia Cabrera",,28.09777746,-15.47733915,,,,,,
459,,"Cruz del Ovejero, 25",,28.09845968,-15.47722238,,,,,,
461,,"Ctra. de Tamaraceite, 171",,28.09797373,-15.47495281,,,,,,
463,,"Ctra. de Tamaraceite, 143",,28.09697278,-15.47392197,,,,,,
496,,"Rafael Cabrera (San Telmo)",,28.10874434,-15.41593360,,,,,,
922,,"Teatro",,28.10461855,-15.41332278,,,,,,
932,,"Teatro",,28.10457272,-15.41369052,,,,,,
938,,"Teatro",,28.10462565,-15.41354802,,,,,,
954,,"Teatro",,28.10468283,-15.41343537,,,,,,
969,,"Teatro",,28.10442562,-15.41324386,,,,,,
982,,"Teatro",,28.10453251,-15.41328450,,,,,,
984,,"Teatro",,28.10447065,-15.41326453,,,,,,
986,,"Teatro",,28.10436847,-15.41322163,,,,,,
988,,"Teatro",,28.10427099,-15.41318482,,,,,,
992,,"Teatro",,28.10434360,-15.41321091,,,,,,
998,,"Teatro",,28.10414582,-15.41329948,,,,,,
423,,"Auditorio",,28.12971272,-15.44755935,,,,,,
939,,"Auditorio",,28.12972943,-15.44780390,,,,,,
955,,"Auditorio",,28.12964723,-15.44782937,,,,,,
929,,"Ctra. del Norte (C.C. La Ballena)",,28.10030155,-15.44238127,,,,,,
948,,"Guiniguada",,28.10058802,-15.41903192,,,,,,
991,,"Hospital Dr. Negrín (Consultas Externas)",,28.11919376,-15.44463653,,,,,,
934,,"Hoya de La Plata",,28.06973839,-15.41803838,,,,,,
979,,"Hoya de La Plata",,28.06950326,-15.41811441,,,,,,
20,,"Intercambiador Santa Catalina",,28.14000553,-15.42862546,,,,,,
942,,"Intercambiador Santa Catalina",,28.14016507,-15.42847800,,,,,,
946,,"Intercambiador Santa Catalina",,28.13972435,-15.42866656,,,,,,
958,,"Intercambiador Santa Catalina",,28.13980378,-15.42866536,,,,,,
960,,"Intercambiador Santa Catalina",,28.13963024,-15.42862974,,,,,,
962,,"Intercambiador Santa Catalina",,28.13953081,-15.42857164,,,,,,
990,,"Intercambiador Santa Catalina",,28.13942477,-15.42848762,,,,,,
994,,"Intercambiador de Tamaraceite",,28.09889978,-15.47941264,,,,,,
995,,"Intercambiador de Tamaraceite",,28.09868097,-15.47924013,,,,,,
931,,"Manuel Becerra (Puerto)",,28.15009022,-15.42181374,,,,,,
935,,"Manuel Becerra (Puerto)",,28.15000855,-15.42225443,,,,,,
941,,"Manuel Becerra (Puerto)",,28.15004028,-15.42200548,,,,,,
947,,"Manuel Becerra (Puerto)",,28.15028749,-15.42150525,,,,,,
965,,"Manuel Becerra (Puerto)",,28.15014089,-15.42153144,,,,,,
429,,"Parque Santa Catalina",,28.14065106,-15.43080396,,,,,,
427,,"Parque Santa Catalina",,28.14032572,-15.43078623,,,,,,
899,,"Manuel Becerra (Puerto)",,28.14991155,-15.42201740,,,,,,
697,,"Dr. Marañón",,28.10526809,-15.43977113,,,,,,
710,,"Sta. Luisa de Marillac",,28.10487854,-15.43431846,,,,,,
619,,"Ctra. de Almatriche, frente 95",,28.08821273,-15.45921457,,,,,,
615,,"Real del Castillo (Sierra Nevada)",,28.10214904,-15.42286773,,,,,,
